ano_captacao,cota,linha,cnpj_patrocinador,valor_captado,recebimento,recebimento_herdado,data_antes_do_ano
2025,1,19,28.152.650/0001-71,250000.0,2025-01-10 14:06:00,False,False
2025,1,26,28.152.650/0001-71,499999.84,2025-01-13 11:08:00,False,False
2025,1,32,03.845.717/0001-22,492000.0,2025-01-14 10:27:00,False,False
2025,1,37,05.069.718/0003-10,119369.98,2025-01-15 07:31:00,False,False
2025,1,43,02.689.900/0001-13,50000.0,2025-02-10 15:53:00,False,False
2025,1,46,03.380.787/0002-33,80000.0,2025-02-21 15:32:00,False,False
2025,1,50,28.152.650/0001-71,331937.73,2025-01-23 09:53:00,False,False
2025,1,54,05.069.718/0003-10,200000.0,2025-01-17 19:50:00,False,False
2025,1,57,31.819.139/0001-95,50000.0,2025-01-24 17:48:00,False,False
2025,1,61,03.845.717/0035-71,100000.0,2025-02-03 15:17:00,False,False
2025,1,64,03.845.717/0040-39,149972.41,2025-02-03 15:17:00,False,False
2025,1,69,28.152.650/0001-71,500000.0,2025-01-23 17:28:00,False,False
2025,1,76,09.492.311/0001-90,44308.24,2025-02-11 16:24:00,False,False
2025,1,84,07.548.056/0001-24,56524.73,2025-02-14 14:01:00,False,False
2025,1,89,07.526.557/0011-81,500000.0,2025-02-21 11:46:00,False,False
2025,1,96,27.340.074/0008-08,239751.08,2025-02-26 11:36:00,False,False
2025,1,103,03.845.717/0001-22,250000.0,2025-03-12 12:05:00,False,False
2025,1,109,00.827.783/0001-81,250000.0,2025-03-13 09:15:00,False,False
2025,1,115,06.248.349/0004-76,500000.0,2025-04-08 10:44:00,False,False
2025,1,119,06.955.576/0001-99,500000.0,2025-04-08 17:01:00,False,False
2025,1,125,00.827.783/0020-44,250000.0,2025-04-11 15:09:00,False,False
2025,1,131,03.845.717/0001-22,250000.0,2025-04-11 15:09:00,True,False
2025,1,139,06.248.349/0004-76,480000.0,2025-04-28 13:23:00,False,False
2025,1,148,28.152.650/0001-71,500000.0,2025-05-08 08:42:00,False,False
2025,1,156,07.526.557/0011-81,500000.0,2025-04-22 16:11:00,False,False
2025,1,161,31.790.710/0001-96,150000.0,2025-05-20 09:59:00,False,False
2025,1,164,31.759.699/0003-63,61123.0,2025-05-20 09:59:00,False,False
2025,1,168,31.759.699/0001-00,65000.0,2025-05-20 09:59:00,True,False
2025,1,171,27.555.390/0001-12,80012.99,2025-05-20 09:59:00,True,False
2025,2,183,28.152.650/0001-71,499896.0,2025-01-08 10:32:00,False,False
2025,2,187,39.786.983/0001-79,250000.0,2025-01-10 17:51:00,False,False
2025,2,191,39.786.983/0004-11,173000.0,2025-01-10 17:51:00,False,False
2025,2,195,11.277.336/0001-12,77000.0,2025-01-10 18:14:00,False,False
2025,2,199,28.152.650/0001-71,500000.0,2025-01-13 17:42:00,False,False
2025,2,204,28.152.650/0001-71,500000.0,2025-01-15 11:08:00,False,False
2025,2,211,28.152.650/0001-71,330000.0,2025-03-14 13:24:00,False,False
2025,3,227,28.152.650/0001-71,499560.0,2025-01-09 17:32:00,False,False
2025,3,232,71.189.278/0005-20,136397.0,2025-01-09 19:37:00,False,False
2025,3,238,11.277.336/0001-12,250000.0,2024-01-19 15:04:00,False,True
2025,3,243,28.152.650/0001-71,500000.0,2025-01-15 11:29:00,False,False
2025,3,248,00.827.783/0001-81,250000.0,2025-01-17 09:47:00,False,False
2025,3,254,39.786.983/0001-79,249999.0,2025-01-20 10:01:00,False,False
2025,3,260,28.152.650/0001-71,499955.2,2025-01-21 09:05:00,False,False
2025,3,266,03.845.717/0012-85,75000.0,2025-02-03 17:45:00,False,False
2025,3,269,03.845.717/0025-08,50000.0,2025-02-03 17:45:00,False,False
2025,3,273,03.845.717/0015-28,70000.0,2025-02-03 17:45:00,False,False
2025,3,276,08.625.038/0001-61,89192.8,2025-02-20 10:59:00,False,False
2025,4,289,28.152.650/0001-71,499620.0,2025-01-08 17:24:00,False,False
2025,4,293,31.759.699/0002-82,43797.08,2025-01-09 11:28:00,False,False
2025,4,299,27.555.390/0005-46,120000.0,2025-01-09 11:28:00,False,False
2025,4,305,39.786.983/0001-79,500000.0,2025-01-09 13:50:00,False,False
2025,4,311,39.786.983/0001-79,440074.42,2025-01-09 15:26:00,False,False
2025,4,316,05.069.718/0003-10,100000.0,2025-01-09 16:14:00,False,False
2025,4,321,28.152.650/0001-71,400000.0,2025-01-15 09:27:00,False,False
2025,4,325,28.152.650/0001-71,499543.0,2025-01-09 17:41:00,False,False
2025,4,330,34.307.295/0001-65,500000.0,2025-01-10 17:56:00,False,False
2025,4,334,11.277.336/0001-12,150000.0,2025-01-13 10:25:00,False,False
2025,4,338,28.152.650/0001-71,499998.0,2025-01-13 11:07:00,False,False
2025,4,342,28.152.650/0001-71,483000.0,2025-01-14 08:40:00,False,False
2025,4,346,28.152.650/0001-71,500000.0,2025-01-14 14:56:00,False,False
2025,4,350,28.152.650/0001-71,500000.0,2025-01-14 15:26:00,False,False
2025,4,355,34.307.295/0001-65,489200.0,2025-01-14 15:49:00,False,False
2025,4,360,28.152.650/0001-71,500000.0,2025-01-14 16:38:00,False,False
2025,4,365,28.152.650/0001-71,161912.01,2025-01-14 17:20:00,False,False
2025,4,370,31.731.169/0001-45,264403.77,2025-01-15 12:03:00,False,False
2025,4,374,39.786.983/0012-21,93550.0,2025-01-15 16:35:00,False,False
2025,4,376,00.827.783/0005-05,260000.0,2025-01-15 16:35:00,False,False
2025,4,378,04.330.073/0001-00,130000.0,2025-01-23 07:43:00,False,False
2025,4,381,28.152.650/0001-71,396394.83,2025-01-16 17:19:00,False,False
2025,4,387,28.152.650/0001-71,316411.12,2025-01-17 14:48:00,False,False
2025,4,393,28.152.650/0001-71,441301.51,2025-01-17 15:09:00,False,False
2025,4,398,28.152.650/0001-71,365748.0,2025-01-20 14:51:00,False,False
2025,4,402,00.827.783/0005-05,281690.0,2025-01-20 10:22:00,False,False
2025,4,408,00.827.783/0020-44,250000.0,2025-01-20 13:50:00,False,False
2025,4,414,45.901.867/0001-56,57000.0,2025-01-20 15:34:00,False,False
2025,4,420,00.827.783/0001-81,250000.0,2025-01-20 15:34:00,False,False
2025,4,424,39.786.983/0017-36,150000.0,2025-01-20 15:34:00,False,False
2025,4,427,00.827.783/0020-44,297210.57,2025-01-21 14:29:00,False,False
2025,4,431,00.827.783/0020-44,136375.69,2025-01-21 19:07:00,False,False
2025,4,435,45.901.867/0003-18,49855.55,2025-01-21 22:35:00,False,False
2025,4,438,39.786.983/0001-79,200000.0,2025-01-21 22:35:00,False,False
2025,4,443,00.827.783/0005-05,250000.0,2025-01-21 22:35:00,False,False
2025,4,446,39.786.983/0001-79,94000.0,2025-01-22 10:03:00,False,False
2025,4,448,00.827.783/0001-81,250000.0,2025-01-22 10:03:00,False,False
2025,4,453,04.023.387/0001-52,150000.0,2025-01-22 10:03:00,False,False
2025,4,458,39.786.983/0001-79,200000.0,2025-01-23 14:13:00,False,False
2025,4,462,39.786.983/0001-79,250000.0,2025-01-22 11:04:00,False,False
2025,4,466,00.827.783/0001-81,230000.0,2025-01-22 11:04:00,False,False
2025,4,470,22.280.114/0001-75,20000.0,2025-01-22 14:46:00,False,False
2025,4,475,03.845.717/0005-56,125000.0,2025-01-23 16:38:00,False,False
2025,4,478,03.845.717/0013-66,125000.0,2025-01-23 16:38:00,False,False
2025,4,482,03.845.717/0016-09,125000.0,2025-01-23 16:38:00,False,False
2025,4,485,03.845.717/0002-03,125000.0,2025-01-23 16:38:00,False,False
2025,4,488,03.845.717/0018-70,125000.0,2025-01-28 16:02:00,False,False
2025,4,492,03.845.717/0017-90,103914.45,2025-01-28 16:02:00,False,False
2026,1,20,28.152.650/0001-71,500000.0,2026-01-12 11:51:00,False,False
2026,1,24,28.152.650/0001-71,500000.0,2026-01-13 12:45:00,False,False
2026,1,27,03.845.717/0038-14,92000.0,2026-01-13 14:59:00,False,False
2026,1,31,03.845.717/0048-96,158898.32,2026-01-13 14:59:00,False,False
2026,1,35,03.845.717/0031-48,189040.95,2026-01-13 14:59:00,False,False
2026,1,38,00.827.783/0004-24,250000.0,2026-01-14 23:56:00,False,False
2026,1,42,39.786.983/0001-79,250000.0,2026-01-14 23:56:00,False,False
2026,1,45,03.845.717/0027-61,45000.0,2026-01-15 18:14:00,False,False
2026,1,48,03.845.717/0020-95,35000.0,2026-01-15 18:14:00,False,False
2026,1,51,03.845.717/0015-28,29908.36,2026-01-15 18:14:00,False,False
2026,1,54,03.845.717/0033-00,30000.0,2026-01-15 18:14:00,False,False
2026,1,58,03.845.717/0028-42,85000.0,2026-01-15 18:14:00,False,False
2026,1,62,03.845.717/0010-13,20000.0,2026-01-15 18:14:00,False,False
2026,1,66,03.845.717/0023-38,40000.0,2026-01-15 18:14:00,False,False
2026,1,69,03.845.717/0019-51,130000.0,2026-01-15 18:14:00,False,False
2026,1,72,03.845.717/0034-90,60000.0,2026-01-15 18:14:00,False,False
2026,1,75,03.845.717/0047-05,15000.0,2026-01-15 18:14:00,False,False
2026,1,78,28.152.650/0001-71,489267.0,2026-01-28 17:24:00,False,False
2026,1,82,28.152.650/0001-71,494060.0,2026-01-28 17:32:00,False,False
2026,1,89,28.152.650/0001-71,500000.0,2026-01-29 06:50:00,False,False
2026,1,97,00.827.783/0021-25,499781.0,2026-01-29 13:09:00,False,False
2026,1,103,39.786.983/0001-79,250000.0,2026-01-14 18:36:00,False,False
2026,1,108,03.845.717/0001-22,250000.0,2026-02-05 20:42:00,False,False
2026,1,113,10.524.837/0001-93,445370.47,2026-02-04 10:20:00,False,False
2026,1,120,34.307.295/0001-65,500000.0,2026-02-05 16:21:00,False,False
2026,1,126,28.152.650/0001-71,500000.0,2026-02-08 12:42:00,False,False
2026,1,132,27.494.152/0007-30,499913.88,2026-02-10 13:10:00,False,False
2026,1,138,34.307.295/0001-65,500000.0,2026-02-10 16:15:00,False,False
2026,1,143,06.955.576/0008-65,499223.2,2026-02-19 10:57:00,False,False
2026,1,148,27.990.092/0005-84,214096.7,2026-02-23 22:21:00,False,False
2026,1,155,08.625.038/0001-61,500000.0,2026-02-26 21:26:00,False,False
2026,1,162,28.152.650/0001-71,500000.0,2026-02-27 09:33:00,False,False
2026,1,167,27.942.085/0037-94,120000.0,2026-03-02 18:29:00,False,False
2026,1,172,09.602.453/0001-62,10000.0,2026-03-02 18:29:00,False,False
2026,1,176,40.432.544/0118-58,500000.0,2026-03-20 09:15:00,False,False
2026,2,193,28.152.650/0001-71,499896.0,2026-01-12 00:35:00,False,False
2026,2,198,28.152.650/0001-71,500000.0,2026-01-12 10:42:00,False,False
2026,2,204,28.152.650/0001-71,397440.0,2026-01-12 11:43:00,False,False
2026,2,211,28.152.650/0001-71,500000.0,2026-01-13 09:03:00,False,False
2026,2,216,00.827.783/0001-81,389074.5,2026-01-13 11:31:00,False,False
2026,2,220,00.827.783/0001-81,300000.0,2026-02-13 15:20:00,False,False
2026,2,225,39.786.983/0001-79,200000.0,2026-02-13 15:20:00,False,False
2026,2,230,28.154.847/0003-01,300000.0,2026-02-10 16:34:00,False,False
2026,3,247,28.152.650/0001-71,499970.0,2026-01-12 15:11:00,False,False
2026,3,252,00.827.783/0001-81,229932.0,2026-01-13 13:17:00,False,False
2026,3,257,39.786.983/0001-79,250000.0,2026-01-13 13:19:00,False,False
2026,3,264,28.152.650/0001-71,499999.0,2026-01-13 13:32:00,False,False
2026,3,271,00.827.783/0005-05,249949.47,2026-01-14 17:10:00,False,False
2026,3,277,28.152.650/0001-71,499195.0,2026-01-12 14:18:00,False,False
2026,3,282,04.330.073/0001-00,23000.0,2026-01-13 10:21:00,False,False
2026,3,287,04.023.387/0001-52,96000.0,2026-01-13 10:21:00,False,False
2026,3,293,39.786.983/0001-79,149996.8,2026-01-13 18:30:00,False,False
2026,3,299,00.483.394/0001-86,240000.0,2026-01-23 16:10:00,False,False
2026,3,305,01.434.609/0001-31,156924.0,2026-01-29 11:55:00,False,False
2026,3,311,39.786.983/0004-11,237644.05,2026-01-26 12:32:00,False,False
2026,4,327,07.526.557/0011-81,500000.0,2026-01-12 10:10:00,False,False
2026,4,333,28.152.650/0001-71,500000.0,2026-01-12 10:41:00,False,False
2026,4,340,28.152.650/0001-71,300000.0,2026-01-12 11:19:00,False,False
2026,4,345,00.827.783/0001-81,250000.0,2026-01-12 11:40:00,False,False
2026,4,348,39.786.983/0001-79,249688.0,2026-01-12 11:40:00,False,False
2026,4,352,28.152.650/0001-71,499581.98,2026-01-12 11:52:00,False,False
2026,4,357,28.152.650/0001-71,277050.0,2026-01-12 12:53:00,False,False
2026,4,364,01.973.495/0005-21,497457.6,2026-01-12 17:51:00,False,False
2026,4,370,00.827.783/0001-81,250000.0,2026-01-13 09:34:00,False,False
2026,4,378,39.786.983/0001-79,250000.0,2026-01-13 09:36:00,False,False
2026,4,381,00.827.783/0020-44,195855.0,2026-01-13 09:40:00,False,False
2026,4,385,39.786.983/0001-79,300000.0,2026-01-13 09:40:00,False,False
2026,4,388,00.827.783/0001-81,500000.0,2026-01-13 10:10:00,False,False
2026,4,392,00.827.783/0005-05,494000.0,2026-01-13 10:43:00,False,False
2026,4,398,00.827.783/0019-00,278076.7,2026-01-13 11:16:00,False,False
2026,4,404,39.786.983/0001-79,248506.0,2026-01-13 11:27:00,False,False
2026,4,410,00.827.783/0004-24,196800.0,2026-01-13 12:33:00,False,False
2026,4,416,00.827.783/0020-44,199984.04,2026-01-13 18:46:00,False,False
2026,4,421,39.786.983/0001-79,300000.0,2026-01-13 18:46:00,False,False
2026,4,425,00.827.783/0020-44,149991.0,2026-01-13 18:46:00,False,False
2026,4,428,39.786.983/0001-79,300000.0,2026-01-13 18:46:00,False,False
2026,4,431,00.827.783/0004-24,500000.0,2026-01-14 09:09:00,False,False
2026,4,434,03.845.717/0037-33,30000.0,2026-01-14 11:34:00,False,False
2026,4,437,03.845.717/0029-23,30000.0,2026-01-14 11:34:00,False,False
2026,4,440,03.845.717/0041-10,25000.0,2026-01-14 11:34:00,False,False
2026,4,444,03.845.717/0043-81,30000.0,2026-01-14 11:34:00,False,False
2026,4,448,03.845.717/0026-80,30000.0,2026-01-14 11:34:00,False,False
2026,4,451,03.845.717/0042-09,25000.0,2026-01-14 11:34:00,False,False
2026,4,454,03.845.717/0050-00,30000.0,2026-01-14 11:34:00,False,False
2026,4,457,28.152.650/0001-71,300000.0,2026-01-14 11:41:00,False,False
2026,4,461,00.412.876.0001/45,69371.0,2026-01-14 12:42:00,False,False
2026,4,467,00.827.783/0005-05,500000.0,2026-01-15 11:19:00,False,False
2026,4,471,30.563.332/0001-45,92032.52,2026-01-15 16:57:00,False,False
2026,4,473,30.563.332/0003-07,85944.6,2026-01-15 16:57:00,False,False
2026,4,476,30.563.332/0002-26,107475.52,2026-01-15 16:57:00,False,False
2026,4,479,03.845.717/0001-22,500000.0,2026-01-16 11:25:00,False,False
2026,4,484,34.307.295/0001-65,300000.0,2026-01-16 13:03:00,False,False
2026,4,492,00.827.783/0019-00,388000.0,2026-01-16 15:29:00,False,False
2026,4,499,28.152.650/0001-71,459163.19,2026-01-12 13:56:00,False,False
2026,4,505,28.152.650/0001-71,355635.4,2026-01-12 14:04:00,False,False
2026,4,511,00.827.783/0020-44,231000.0,2026-01-13 18:30:00,False,False
2026,4,516,28.152.650/0001-71,500000.0,2026-01-14 11:09:00,False,False
2026,4,520,00.827.783/0004-24,249524.0,2026-01-15 14:29:00,False,False
2026,4,526,39.786.983/0001-79,250000.0,2026-01-15 14:29:00,False,False
2026,4,529,27.942.085/0037-94,250000.0,2026-01-23 16:01:00,False,False
2026,4,532,00.381.613/0001-16,125000.0,2026-01-23 16:01:00,False,False
2026,4,535,10.607.920/0001-26,125000.0,2026-01-23 16:01:00,False,False
2026,4,538,30.563.332/0003-07,34755.76,2026-01-26 14:18:00,False,False
2026,4,540,30.563.332/0006-50,73742.08,2026-01-26 14:18:00,False,False
2026,4,542,30.563.332/0007-30,53438.72,2026-01-26 14:18:00,False,False
2026,4,548,11.277.336/0001-12,476652.84,2026-01-27 17:47:00,False,False
2026,4,555,03.845.717/0001-22,250000.0,2026-01-28 14:55:00,False,False
2026,4,561,39.639.745/0001-30,59254.0,2026-01-30 14:40:00,False,False
2026,4,566,07.260.084/0001-41,240000.0,2026-01-30 14:40:00,False,False
2026,4,571,39.786.983/0004-11,32610.32,2026-01-26 12:32:00,False,False
2026,4,578,00.827.783/0021-25,250000.0,2026-01-26 12:35:00,False,False
2026,4,585,03.845.717/0030-67,50000.0,2026-01-27 14:59:00,False,False
2026,4,592,03.845.717/0057-87,50000.0,2026-01-27 14:59:00,False,False
2026,4,599,03.845.717/0047-05,75000.0,2026-01-27 14:59:00,False,False
2026,4,606,03.845.717/0052-72,75000.0,2026-01-27 14:59:00,False,False
2026,4,617,28.152.650/0001-71,499997.21,2026-02-02 00:25:00,False,False
2026,4,626,28.154.847/0003-01,200000.0,2026-02-05 16:24:00,False,False
2026,4,631,08.625.038/0001-61,496789.86,2026-02-05 17:12:00,False,False
2026,4,636,11.277.336/0008-99,50000.0,2026-02-06 16:17:00,False,False
2026,4,640,34.307.295/0001-02,300000.0,2026-02-06 10:56:00,False,False
