projeto,proponente,valor_autorizado,valor_captado,patrocinador,fonte_url,fonte_pagina,linha_arquivo,titulo_norm,id_captado,chave_proponente,casamento,numero_processo,processos_candidatos,ciclos_habilitacao,ciclo_habilitacao_min,numero_processo_secundario,ciclo_habilitacao_min_secundario
26º Festival de Inverno da Sanfona e da Viola de São Pedro do Itabapoana,Associação dos Moradores da Comunidade de São Pedro do Itabapoana,500000.0,250000.0,EDP Espírito Santo Distribuição de Energia S.A,https://secult.es.gov.br/Media/secult/LICC/RECURSO%20FINANCEIRO%20CAPTADO%20-%202025.pdf,1,2,26o festival de inverno da sanfona e da viola de sao pedro do itabapoana,C25-01,associacao dos moradores da comunidade de sao pedro do itabapoana,casado,2023-32MFD,,2023,2023.0,,
#EP10 - ENCONTRO DAS PRETAS 10 ANOS,INSTITUTO DAS PRETAS.ORG,499999.84,499999.84,EDP Espírito Santo Distribuição de Energia S.A,https://secult.es.gov.br/Media/secult/LICC/RECURSO%20FINANCEIRO%20CAPTADO%20-%202025.pdf,1,3,ep10 encontro das pretas 10 anos,C25-02,instituto das pretas,casado,2024-HGG9K,,2024,2024.0,,
BOA VISTA CARNAVAL CAPIXABA 2025,GRÊMIO RECREATIVO CULTURAL ESPORTIVO SOCIAL ESCOLA DE SAMBA IDEPENDENTE DE BOA VISTA,492000.0,492000.0,Realmar Distribuidora Ltda,https://secult.es.gov.br/Media/secult/LICC/RECURSO%20FINANCEIRO%20CAPTADO%20-%202025.pdf,1,4,boa vista carnaval capixaba 2025,C25-03,gremio recreativo cultural esportivo social escola de samba idependente de boa vista,casado,2023-4Z9J3,,2024,2024.0,,
207ª FESTA DO DIVINO ESPÍRITO SANTO DE VIANA-ES,LEONARDO CAETANO EIRELI ME,358109.86,249369.98,Perfil Alumínio do Brasil S/A; Distribuidora Pomar; L&A DISTRIBUIDORA DE ALIMENTOS E EMBALAGENS,https://secult.es.gov.br/Media/secult/LICC/RECURSO%20FINANCEIRO%20CAPTADO%20-%202025.pdf,1,5,207a festa do divino espirito santo de viana es,C25-04,leonardo caetano,casado,2024-LNTS6,,2024,2024.0,,
14ª Festa Folclórica de Santo Antônio do Muqui,Associação Oficina da Vida - ONG,331937.73,331937.73,EDP Espírito Santo Distribuição de Energia S.A,https://secult.es.gov.br/Media/secult/LICC/RECURSO%20FINANCEIRO%20CAPTADO%20-%202025.pdf,1,6,14a festa folclorica de santo antonio do muqui,C25-05,associacao oficina da vida ong,casado,2023-NB5P3,,2023,2023.0,,
“Carna Surpresa 2024 - O Carnaval da Barra do Jucu”,Associação Cultural e Folclórica do Bloco Surpresa,499972.41,499972.41,Perfil Alumínio do Brasil S/A; A.S. Materiais de Construção Ltda; Realmar Distribuidora Ltda; Realmar Distribuidora Ltda,https://secult.es.gov.br/Media/secult/LICC/RECURSO%20FINANCEIRO%20CAPTADO%20-%202025.pdf,1,7,carna surpresa 2024 o carnaval da barra do jucu,C25-06,associacao cultural e folclorica do bloco surpresa,sem_correspondencia,,,,,,
Carnaval Folclórico do Boi Pintadinho de Muqui/ES - 2025,ASSOCIACAO COMERCIAL E EMPRESARIAL DE MUQUI - ACE MUQUI,500000.0,500000.0,EDP Espírito Santo Distribuição de Energia S.A,https://secult.es.gov.br/Media/secult/LICC/RECURSO%20FINANCEIRO%20CAPTADO%20-%202025.pdf,1,8,carnaval folclorico do boi pintadinho de muqui es 2025,C25-07,associacao comercial e empresarial de muqui ace muqui,casado,2024-HZSBS,,2025,2025.0,,
24º Festival Nacional de Teatro de Guaçuí,"Grupo Teatral Gota, Pó e Poeira",229781.52,100832.97,Mundo Distribuidora de Cosméticos LTDA; Distribuidora Mascote LTDA,https://secult.es.gov.br/Media/secult/LICC/RECURSO%20FINANCEIRO%20CAPTADO%20-%202025.pdf,1,9,24o festival nacional de teatro de guacui,C25-08,grupo teatral gota po e poeira,casado,2023-4MJCT,,2024,2024.0,,
Baile Voador: ressaca do carnaval 2023,SAGUI PRODUÇÕES E EVENTOS LTDA,500000.0,500000.0,AMBEV S.A. CDD VITÓRIA,https://secult.es.gov.br/Media/secult/LICC/RECURSO%20FINANCEIRO%20CAPTADO%20-%202025.pdf,1,10,baile voador ressaca do carnaval 2023,C25-09,sagui producoes e eventos,casado,2022-CC9TK,,2023,2023.0,,
Raiar da Liberdade,Associação de Salvaguarda do Patrimônio Imaterial Cachoeirense,239751.08,239751.08,Antônio Auto Peças S/A,https://secult.es.gov.br/Media/secult/LICC/RECURSO%20FINANCEIRO%20CAPTADO%20-%202025.pdf,1,11,raiar da liberdade,C25-10,associacao de salvaguarda do patrimonio imaterial cachoeirense,ambiguo,,2022-DRBWG;2023-KNQFG;2024-8TB7C,,,,
97ª Festa de São Pedro - Edição 2025,Colônia de Pescadores e Aquicultores Z-5 Maria Ortiz,500000.0,500000.0,REALMAR DISTRIBUIDORA LTDA; Kuruma Veiculos S.A.,https://secult.es.gov.br/Media/secult/LICC/RECURSO%20FINANCEIRO%20CAPTADO%20-%202025.pdf,1,12,97a festa de sao pedro edicao 2025,C25-11,colonia de pescadores e aquicultores z 5 maria ortiz,casado,2025-SXX99,,2025,2025.0,,
Festival Nacional de Teatro Cidade de Vitória - 20º Edição,Associação Cultural Circense e Ambiental Uma Floresta,500000.0,500000.0,Transportadora Associada de Gás - TAG,https://secult.es.gov.br/Media/secult/LICC/RECURSO%20FINANCEIRO%20CAPTADO%20-%202025.pdf,1,13,festival nacional de teatro cidade de vitoria 20o edicao,C25-12,associacao cultural circense e ambiental uma floresta,sem_correspondencia,,,,,,
47ª Festa da Polenta,Associação Festa da Polenta - AFEPOL,500000.0,500000.0,ITAPOA SUPERMERCADO LTDA,https://secult.es.gov.br/Media/secult/LICC/RECURSO%20FINANCEIRO%20CAPTADO%20-%202025.pdf,2,14,47a festa da polenta,C25-13,associacao festa da polenta afepol,casado,2025-QW9S1,,2025,2025.0,,
l FESTIVAL INTERNACIONAL DE JAZZ E BOSSA DE SANTA TERESA – 12ª EDIÇÃO,ROTA SERVICE LTDA,500000.0,500000.0,Kurumá Veiculos S.A; Realmar Distribuidora Ltda,https://secult.es.gov.br/Media/secult/LICC/RECURSO%20FINANCEIRO%20CAPTADO%20-%202025.pdf,2,15,l festival internacional de jazz e bossa de santa teresa 12a edicao,C25-14,rota service,sem_correspondencia,,,,,,
10º Festival Nacional de Cinema Ambiental do Espírito Santo - CINE.EMA,Caju Produções LTDA ME,500000.0,480000.0,TRANSPORTADORA ASSOCIADA DE GAS S.A. - TAG,https://secult.es.gov.br/Media/secult/LICC/RECURSO%20FINANCEIRO%20CAPTADO%20-%202025.pdf,2,16,10o festival nacional de cinema ambiental do espirito santo cine ema,C25-15,caju producoes,casado,2023-9RT9Q,,2024,2024.0,,
73º Encontro Nacional de Folias de Reis - Muqui-ES - 2024,ASSOCIACAO COMERCIAL E EMPRESARIAL DE MUQUI - ACE MUQUI,500000.0,500000.0,EDP Espírito Santo Distribuição de Energia S.A,https://secult.es.gov.br/Media/secult/LICC/RECURSO%20FINANCEIRO%20CAPTADO%20-%202025.pdf,2,17,73o encontro nacional de folias de reis muqui es 2024,C25-16,associacao comercial e empresarial de muqui ace muqui,casado,2023-1FDSB,,2024,2024.0,,
Roda de Boteco 2025,Conexxo Serviços e Gestão de Eventos,500000.0,500000.0,AMBEV S.A. CDD VITÓRIA,https://secult.es.gov.br/Media/secult/LICC/RECURSO%20FINANCEIRO%20CAPTADO%20-%202025.pdf,2,18,roda de boteco 2025,C25-17,conexxo servicos e gestao de eventos,sem_correspondencia,,,,,,
13ª ITALIA UNITA – Festa da Imigração Italiana de Aracruz - Município de Guaraná,(Em análise na SEFAZ) Secretariado dos Imigrantes Friulanos de Aracruz-ES,426123.0,356135.99,Imetame Metalmecãnica LTDA; Comercial Devens LTDA; Comercial Devens LTDA; Oriundi Supermercados LTDA,https://secult.es.gov.br/Media/secult/LICC/RECURSO%20FINANCEIRO%20CAPTADO%20-%202025.pdf,2,19,13a italia unita festa da imigracao italiana de aracruz municipio de guarana,C25-18,secretariado dos imigrantes friulanos de aracruz es,casado,2025-RC8N2,,2025,2025.0,,
MAIS CULTURA NAS ESCOLAS,"ES Práticas Corporais, Culturais, Esportivas e de Saúde LTDA",499896.0,499896.0,EDP Espírito Santo Distribuição de Energia S.A,https://secult.es.gov.br/Media/secult/LICC/RECURSO%20FINANCEIRO%20CAPTADO%20-%202025.pdf,2,20,mais cultura nas escolas,C25-19,es praticas corporais culturais esportivas e de saude,ambiguo,,2022-JJS7Q;2024-1V0QR,,,2024-1V0QR,2024.0
A Fantástica Carpintaria - Programa Educativo,CIDADE QUINTAL SERVIÇOS DE DESIGN E ARTE URBANA LTDA,500000.0,500000.0,VD Comercio de Veiculos LTDA; VD Comercio de Veiculos LTDA; VM Comercio de Automoveis LTDA,https://secult.es.gov.br/Media/secult/LICC/RECURSO%20FINANCEIRO%20CAPTADO%20-%202025.pdf,2,21,a fantastica carpintaria programa educativo,C25-20,cidade quintal servicos de design e arte urbana,casado,2024-2C95T,,2024,2024.0,,
MÚSICA E ARTES NA CAPITAL VITÓRIA ES,ASSOCIAÇÃO ALEF BET,500000.0,500000.0,EDP Espírito Santo Distribuição de Energia S.A,https://secult.es.gov.br/Media/secult/LICC/RECURSO%20FINANCEIRO%20CAPTADO%20-%202025.pdf,2,22,musica e artes na capital vitoria es,C25-21,associacao alef bet,ambiguo,,2022-87D66;2024-7862T,,,2024-7862T,2024.0
Musicalização Agrícola,Instituto Três Pontões de Ação Social e Cultural,500000.0,500000.0,EDP Espírito Santo Distribuição de Energia S.A,https://secult.es.gov.br/Media/secult/LICC/RECURSO%20FINANCEIRO%20CAPTADO%20-%202025.pdf,2,23,musicalizacao agricola,C25-22,instituto tres pontoes de acao social e cultural,casado,2024-VM90J,,2024,2024.0,,
Núcleo de Formação de Sanfona e Viola de São Pedro do Itabapoana - Ciclo II,Associação dos Moradores da Comunidade de São Pedro do Itabapoana,388322.4,330000.0,EDP Espírito Santo Distribuição de Energia S.A,https://secult.es.gov.br/Media/secult/LICC/RECURSO%20FINANCEIRO%20CAPTADO%20-%202025.pdf,2,24,nucleo de formacao de sanfona e viola de sao pedro do itabapoana ciclo ii,C25-23,associacao dos moradores da comunidade de sao pedro do itabapoana,sem_correspondencia,,,,,,
ESCOLA DE MÚSICA TOCANDO EM FRENTE,Programa de Promoção e Assistência Social,499560.0,499560.0,EDP Espírito Santo Distribuição de Energia S.A,https://secult.es.gov.br/Media/secult/LICC/RECURSO%20FINANCEIRO%20CAPTADO%20-%202025.pdf,2,25,escola de musica tocando em frente,C25-24,programa de promocao e assistencia social,ambiguo,,2022-BFTK4;2023-42TC3,,,2023-42TC3,2023.0
A DANÇA: UNIVERSO EM EXPANSÃO,Estúdio de Dança Ballet Plié,136397.0,136397.0,Orletti Veículos e Peças LTDA,https://secult.es.gov.br/Media/secult/LICC/RECURSO%20FINANCEIRO%20CAPTADO%20-%202025.pdf,2,26,a danca universo em expansao,C25-25,estudio de danca ballet plie,casado,2023-0J1G1,,2024,2024.0,,
"Projeto Raízes da Aldeia: Cultura, Artesanato e Resgate","Associação Amigos da Justiça, Cidadania, Educação e Arte",499949.47,250000.0,VM Comercio de Automoveis LTDA,https://secult.es.gov.br/Media/secult/LICC/RECURSO%20FINANCEIRO%20CAPTADO%20-%202025.pdf,3,27,projeto raizes da aldeia cultura artesanato e resgate,C25-26,associacao amigos da justica cidadania educacao e arte,casado,2023-PCDF2,,2024,2024.0,,
Corais das Montanhas,INSTITUTO TRÊS PONTÕES DE AÇÃO SOCIAL E CULTURAL - INSTITUTO CULTURAL DAS MONTANHAS,500000.0,500000.0,EDP Espírito Santo Distribuição de Energia S.A,https://secult.es.gov.br/Media/secult/LICC/RECURSO%20FINANCEIRO%20CAPTADO%20-%202025.pdf,3,28,corais das montanhas,C25-27,instituto tres pontoes de acao social e cultural,casado,2024-B7ZFZ,,2024,2024.0,,
"Projeto Mãos Criativas - Artesanato, Sustentabilidade e Cultura","ASSOCIACAO AMIGOS DA JUSTICA CIDADANIA, EDUCACAO E ARTE",499999.0,499999.0,Kuruma Veiculos S.A; VD Comercio de Veiculos LTDA,https://secult.es.gov.br/Media/secult/LICC/RECURSO%20FINANCEIRO%20CAPTADO%20-%202025.pdf,3,29,projeto maos criativas artesanato sustentabilidade e cultura,C25-28,associacao amigos da justica cidadania educacao e arte,casado,2024-WCJ53,,2024,2024.0,,
Programa de Residência do Mosteiro Zen Morro da Vargem 2023,MOSTEIRO ZEN MORRO DA VARGEM-MZMV,499955.2,499955.2,EDP Espírito Santo Distribuição de Energia S.A,https://secult.es.gov.br/Media/secult/LICC/RECURSO%20FINANCEIRO%20CAPTADO%20-%202025.pdf,3,30,programa de residencia do mosteiro zen morro da vargem 2023,C25-29,mosteiro zen morro da vargem mzmv,casado,2022-W21MB,,2023,2023.0,,
TORNANDO IDEIAS REALIDADE,ALPHA EMPREENDIMENTOS LTDA - GALPÃO DE IDEIAS,390000.0,284192.8,Realmar Distribuidora Ltda; Realmar Distribuidora Ltda; Realmar Distribuidora Ltda; Kubit Exportação e Importação de Café Ltda,https://secult.es.gov.br/Media/secult/LICC/RECURSO%20FINANCEIRO%20CAPTADO%20-%202025.pdf,3,31,tornando ideias realidade,C25-30,alpha empreendimentos,casado,2023-K1BQH,,2023,2023.0,,
Oficinas de Formação Música Clássica,TONOBOOKS PRODUCOES LTDA,499620.0,499620.0,EDP Espírito Santo Distribuição de Energia S.A,https://secult.es.gov.br/Media/secult/LICC/RECURSO%20FINANCEIRO%20CAPTADO%20-%202025.pdf,3,32,oficinas de formacao musica classica,C25-31,tonobooks producoes,casado,2023-8Z0GK,,2023,2023.0,,
Restauração e revitalização do casarão Família Baptista,"CAEPES - Castiglioni Consultoria, Assessoria, Estdos e Pesquisas Educacionais Ltda",163797.08,163797.08,Comercial Devens LTDA; Oriundi Supermercados LTDA,https://secult.es.gov.br/Media/secult/LICC/RECURSO%20FINANCEIRO%20CAPTADO%20-%202025.pdf,3,33,restauracao e revitalizacao do casarao familia baptista,C25-32,caepes castiglioni consultoria assessoria estdos e pesquisas educacionais,casado,2023-VM876,,2023,2023.0,,
Festival Manhágua,Caju Produções LTDA ME,500000.0,500000.0,VD Comercio de Veiculos LTDA,https://secult.es.gov.br/Media/secult/LICC/RECURSO%20FINANCEIRO%20CAPTADO%20-%202025.pdf,3,34,festival manhagua,C25-33,caju producoes,casado,2023-JRW61,,2024,2024.0,,
'Filarmônica de Mulheres do Espírito Santo: música e representatividade”,Instituto Todos os Cantos -,440074.42,440074.42,VD Comercio de Veiculos LTDA,https://secult.es.gov.br/Media/secult/LICC/RECURSO%20FINANCEIRO%20CAPTADO%20-%202025.pdf,3,35,filarmonica de mulheres do espirito santo musica e representatividade,C25-34,instituto todos os cantos,casado,2023-XPZLT,,2024,2024.0,,
Orquestra Brasileira de Cantores Cegos - 3º Repertório,Associação Sociedade Cultura e Arte SOCA,500000.0,500000.0,PERFIL ALUMINIO DO BRASIL S/A; EDP Espírito Santo Distribuição de Energia S.A,https://secult.es.gov.br/Media/secult/LICC/RECURSO%20FINANCEIRO%20CAPTADO%20-%202025.pdf,3,36,orquestra brasileira de cantores cegos 3o repertorio,C25-35,associacao sociedade cultura e arte soca,casado,2024-HT8QP,,2024,2024.0,,
Circulação de Espetáculo - Igrejas Históricas Capixabas,PROGRAMA DE PROMOÇÃO E ASSISTÊNCIA SOCIAL,499543.0,499543.0,EDP Espírito Santo Distribuição de Energia S.A,https://secult.es.gov.br/Media/secult/LICC/RECURSO%20FINANCEIRO%20CAPTADO%20-%202025.pdf,3,37,circulacao de espetaculo igrejas historicas capixabas,C25-36,programa de promocao e assistencia social,casado,2023-SCGXC,,2024,2024.0,,
Festival Delírio Tropical,PURI PRODUÇÕES E EVENTOS LTDA,500000.0,500000.0,Companhia de Gás do Espírito Santo – ES GÁS,https://secult.es.gov.br/Media/secult/LICC/RECURSO%20FINANCEIRO%20CAPTADO%20-%202025.pdf,3,38,festival delirio tropical,C25-37,puri producoes e eventos,casado,2024-8XRF4,,2024,2024.0,,
Turma da Ação,VIANA PROJETOS CULTURAIS LTDA,497638.35,150000.0,VM Comercio de Automoveis LTDA,https://secult.es.gov.br/Media/secult/LICC/RECURSO%20FINANCEIRO%20CAPTADO%20-%202025.pdf,3,39,turma da acao,C25-38,viana projetos culturais,casado,2023-GNGTZ,,2024,2024.0,,
Estúdio Escola de Animação,ATROM PRODUCOES E CONSULTORIA,499998.0,499998.0,EDP Espírito Santo Distribuição de Energia S.A,https://secult.es.gov.br/Media/secult/LICC/RECURSO%20FINANCEIRO%20CAPTADO%20-%202025.pdf,3,40,estudio escola de animacao,C25-39,atrom producoes e consultoria,casado,2023-WMPXZ,,2023,2023.0,,
2ª Festa da Palavra,INSTITUTO MANGUERE,483000.0,483000.0,EDP Espírito Santo Distribuição de Energia S.A,https://secult.es.gov.br/Media/secult/LICC/RECURSO%20FINANCEIRO%20CAPTADO%20-%202025.pdf,3,41,2a festa da palavra,C25-40,instituto manguere,casado,2024-X6HWG,,2024,2024.0,,
Crias.Lab 2024,PURI PRODUÇÕES E EVENTOS LTDA,500000.0,500000.0,EDP Espírito Santo Distribuição de Energia S.A,https://secult.es.gov.br/Media/secult/LICC/RECURSO%20FINANCEIRO%20CAPTADO%20-%202025.pdf,3,42,crias lab 2024,C25-41,puri producoes e eventos,casado,2024-PM31K,,2024,2024.0,,
FESTIVAL ORIGRAFFES - 7° EDIÇÃO,iÁ Estúdio,500000.0,500000.0,EDP Espírito Santo Distribuição de Energia S.A,https://secult.es.gov.br/Media/secult/LICC/RECURSO%20FINANCEIRO%20CAPTADO%20-%202025.pdf,3,43,festival origraffes 7 edicao,C25-42,ia estudio,casado,2023-83NRF,,2024,2024.0,,
Encontro das Chefs 2024,Conexxo Serviços e Gestão de Eventos LTDA.,489200.0,489200.0,Companhia de Gás do Espírito Santo – ES GÁS,https://secult.es.gov.br/Media/secult/LICC/RECURSO%20FINANCEIRO%20CAPTADO%20-%202025.pdf,4,44,encontro das chefs 2024,C25-43,conexxo servicos e gestao de eventos,sem_correspondencia,,,,,,
4A Mostra CineMarias,Odoyá Arte e Cultura Produções LTDA,500000.0,500000.0,EDP Espírito Santo Distribuição de Energia S.A,https://secult.es.gov.br/Media/secult/LICC/RECURSO%20FINANCEIRO%20CAPTADO%20-%202025.pdf,4,45,4a mostra cinemarias,C25-44,odoya arte e cultura producoes,casado,2024-D8SGC,,2024,2024.0,,
A Paixão Segundo São João de J. S. Bach,Fernando Coelho Sabino XXXXXXXXXXX,161912.01,161912.01,EDP Espírito Santo Distribuição de Energia S.A,https://secult.es.gov.br/Media/secult/LICC/RECURSO%20FINANCEIRO%20CAPTADO%20-%202025.pdf,4,46,a paixao segundo sao joao de j s bach,C25-45,fernando coelho sabino,sem_correspondencia,,,,,,
FECSTA 7 - FESTIVAL DE CINEMA DE SANTA TERESA - ES,SATIRICA FILMES PRODUÇÕES LTDA,499900.0,264403.77,TUBOVAL COMERCIAL LTDA,https://secult.es.gov.br/Media/secult/LICC/RECURSO%20FINANCEIRO%20CAPTADO%20-%202025.pdf,4,47,fecsta 7 festival de cinema de santa teresa es,C25-46,satirica filmes producoes,casado,2023-PRGRB,,2024,2024.0,,
Cidades 20-30,INSTITUTO CAPIXABA DE CIENCIAS E ADMINISTRACAO,493550.0,483550.0,VD Comercio de Veiculos LTDA; Kurumá Veiculos S.A; AMT Trading LTDA,https://secult.es.gov.br/Media/secult/LICC/RECURSO%20FINANCEIRO%20CAPTADO%20-%202025.pdf,4,48,cidades 20 30,C25-47,instituto capixaba de ciencias e administracao,casado,2023-5V13M,,2024,2024.0,,
Compondo na Rua,W/PAR & ASSOCIADOS LTDA,396394.83,396394.83,EDP Espírito Santo Distribuição de Energia S.A,https://secult.es.gov.br/Media/secult/LICC/RECURSO%20FINANCEIRO%20CAPTADO%20-%202025.pdf,4,49,compondo na rua,C25-48,wpar associados,casado,2023-LC19F,,2024,2024.0,,
"ENCANTANDO PESSOAS, CELEBRANDO A NATUREZA",PORTO E STEIN PRODUÇÕES LTDA-ME,316411.12,316411.12,EDP Espírito Santo Distribuição de Energia S.A,https://secult.es.gov.br/Media/secult/LICC/RECURSO%20FINANCEIRO%20CAPTADO%20-%202025.pdf,4,50,encantando pessoas celebrando a natureza,C25-49,porto e stein producoes,casado,2022-HH970,,2023,2023.0,,
Laboratório dos Sonhos,Associação Aprender Cultura,491301.52,441301.51,EDP Espírito Santo Distribuição de Energia S.A,https://secult.es.gov.br/Media/secult/LICC/RECURSO%20FINANCEIRO%20CAPTADO%20-%202025.pdf,4,51,laboratorio dos sonhos,C25-50,associacao aprender cultura,ambiguo,,2024-L44FD;2025-R38F3,,,,
ENCONTRO DE CULTURAS POPULARES E TRADICIONAIS,ASSOCIAÇÃO ARTISTICA E FOLCLORICA AFRO BRASILEIRA,365748.0,365748.0,EDP Espírito Santo Distribuição de Energia S.A,https://secult.es.gov.br/Media/secult/LICC/RECURSO%20FINANCEIRO%20CAPTADO%20-%202025.pdf,4,52,encontro de culturas populares e tradicionais,C25-51,associacao artistica e folclorica afro brasileira,casado,2023-1PRSJ,,2023,2023.0,,
2º FESTIVAL NACIONAL DE CAPOEIRA,LR PRODUÇÕES,281690.0,281690.0,Kurumá Veiculos S.A,https://secult.es.gov.br/Media/secult/LICC/RECURSO%20FINANCEIRO%20CAPTADO%20-%202025.pdf,4,53,2o festival nacional de capoeira,C25-52,lr producoes,casado,2024-0GZ3G,,2024,2024.0,,
Quintal do CSE: Intervenções Socioespaciais Identitárias,CIDADE QUINTAL SERVIÇOS DE DESIGN E ARTE URBANA LTDA,485087.7,250000.0,Kurumá Veiculos S.A,https://secult.es.gov.br/Media/secult/LICC/RECURSO%20FINANCEIRO%20CAPTADO%20-%202025.pdf,4,54,quintal do cse intervencoes socioespaciais identitarias,C25-53,cidade quintal servicos de design e arte urbana,casado,2023-WQW4G,,2023,2023.0,,
Tecer Folias,Associação Oficina da Vida - ONG,457000.0,457000.0,EV Comércio de Veículos LTDA; Kurumá Veiculos S.A; VD Comercio de Veiculos LTDA,https://secult.es.gov.br/Media/secult/LICC/RECURSO%20FINANCEIRO%20CAPTADO%20-%202025.pdf,4,55,tecer folias,C25-54,associacao oficina da vida ong,casado,2023-D2859,,2024,2024.0,,
Orquestra de Câmara Infanto-juvenil João XXIII,Instituto João XXIII,297210.57,297210.57,Kurumá Veiculos S.A,https://secult.es.gov.br/Media/secult/LICC/RECURSO%20FINANCEIRO%20CAPTADO%20-%202025.pdf,4,56,orquestra de camara infanto juvenil joao xxiii,C25-55,instituto joao xxiii,casado,2023-CV6RH,,2024,2024.0,,
A Escola vai ao Teatro Tratamento Técnico do Acervo Gráfico,SER OFICINA DE TEATRO LTDA/ME,136375.69,136375.69,Kurumá Veiculos S.A,https://secult.es.gov.br/Media/secult/LICC/RECURSO%20FINANCEIRO%20CAPTADO%20-%202025.pdf,4,57,a escola vai ao teatro tratamento tecnico do acervo grafico,C25-56,ser oficina de teatro,sem_correspondencia,,,,,,
"Editorial do Jornal Correio Popular de Cariacica/ES: Inventário, Conservação e Digitalização.",Instituto de Pesquisa e Documentação Cariaciquense,499855.55,499855.55,EV Comércio de Veículos LTDA; VD Comercio de Veiculos LTDA; Kurumá Veiculos S.A,https://secult.es.gov.br/Media/secult/LICC/RECURSO%20FINANCEIRO%20CAPTADO%20-%202025.pdf,4,58,editorial do jornal correio popular de cariacica es inventario conservacao e digitalizacao,C25-57,instituto de pesquisa e documentacao cariaciquense,sem_correspondencia,,,,,,
Festival Batidas do Mundo,Caju Produções LTDA ME,494000.0,494000.0,VD Comercio de Veiculos LTDA; Kuruma Veiculos S.A DECOLORES; MÁRMORES E GRANITOS DO BRASIL S.A,https://secult.es.gov.br/Media/secult/LICC/RECURSO%20FINANCEIRO%20CAPTADO%20-%202025.pdf,4,59,festival batidas do mundo,C25-58,caju producoes,casado,2023-BL62F,,2024,2024.0,,
Teatro vai à escola - De onde vem o dinheiro?,WB PRODUCOES ARTISTICAS E CULTURAIS LTDA,397364.0,200000.0,VD Comercio de Veiculos LTDA,https://secult.es.gov.br/Media/secult/LICC/RECURSO%20FINANCEIRO%20CAPTADO%20-%202025.pdf,4,60,teatro vai a escola de onde vem o dinheiro,C25-59,wb producoes artisticas e culturais,casado,2024-0QFT9,,2024,2024.0,,
Ecos Culturais do Convento,Instituto Brasileiro de Apoio ao Desenvolvimento Social e Econômico,480000.0,480000.0,VD Comercio de Veiculos LTDA; Kuruma Veiculos S.A,https://secult.es.gov.br/Media/secult/LICC/RECURSO%20FINANCEIRO%20CAPTADO%20-%202025.pdf,4,61,ecos culturais do convento,C25-60,instituto brasileiro de apoio ao desenvolvimento social e economico,casado,2023-TQ8C9,,2024,2024.0,,
Mar Adentro,W/PAR & ASSOCIADOS LTDA,483748.28,20000.0,ELIT DISTRIBUIDORA DE TINTAS E REVESTIMENTOS LTDA,https://secult.es.gov.br/Media/secult/LICC/RECURSO%20FINANCEIRO%20CAPTADO%20-%202025.pdf,4,62,mar adentro,C25-61,wpar associados,casado,2023-ZZB43,,2024,2024.0,,
Samba que Eu Quero Ver - Mostra Cultural de Bamba,Odoya Arte e Cultura Produções LTDA,500000.0,500000.0,Realmar Distribuidora Ltda; Realmar Distribuidora Ltda; Realmar Distribuidora Ltda; Realmar Distribuidora Ltda,https://secult.es.gov.br/Media/secult/LICC/RECURSO%20FINANCEIRO%20CAPTADO%20-%202025.pdf,5,63,samba que eu quero ver mostra cultural de bamba,C25-62,odoya arte e cultura producoes,ambiguo,,2023-GJ366;2024-XDJHX,,,,
FESTIVAL RAÍZES DO SAMBA,INSTITUTO RAIZES,499999.84,228914.45,Realmar Distribuidora Ltda; Realmar Distribuidora Ltda,https://secult.es.gov.br/Media/secult/LICC/RECURSO%20FINANCEIRO%20CAPTADO%20-%202025.pdf,5,64,festival raizes do samba,C25-63,instituto raizes,casado,2023-R7GC8,,2024,2024.0,,
