# Fonte: SICONFI/STN, API https://apidatalake.tesouro.gov.br/ords/siconfi/tt/dca (DCA-Anexo I-E, governos estaduais e DF), consulta 2026-09-23; valores declarados pelo ente; ente sem declaracao = ausente. Script: analise/03c_siconfi_cultura_icms.py
ano,uf,desp_total_emp,populacao,instituicao,f13_emp,f13_392_difusao_emp,desp_total_liq,f13_liq,f13_392_difusao_liq,desp_total_pag,f13_pag,f13_392_difusao_pag,f13_391_patrimonio_emp,f13_391_patrimonio_liq,f13_391_patrimonio_pag,f13_demais_emp,f13_demais_liq,f13_demais_pag,pct_f13_emp_na_despesa,f13_emp_per_capita,f13_liq_per_capita,rank_per_capita_emp
2024,RO,14526983168.01,1616379,Governo do Estado de Rondônia,67863449.48,62494593.52,12905286014.72,44512421.35,39588896.04,12766637749.84,41462534.12,36556393.32,,,,,,,0.004671544579843853,41.98486213938687,27.538356629231142,10.0
2024,AC,11267054152.08,829780,Governo do Estado do Acre,62256806.52,60780660.34,10836359094.48,61635942.9,60281706.08,10619523512.34,60683856.03,59769619.21,90000.0,90000.0,90000.0,,,,0.005525562021773618,75.02808758948156,74.27986080647882,5.0
2024,AM,33524114754.33,3952262,Governo do Estado do Amazonas,551456562.13,380331181.42,32897257357.41,548982241.91,378048891.53,32696789783.73,548842921.5,378048891.53,838388.43,838388.43,838388.43,1820539.46,1820539.46,1820539.46,0.01644954881496978,139.52935360307592,138.9033019344365,2.0
2024,RR,8128836403.42,634805,Governo do Estado de Roraima,73391447.89,60709665.56,7803738678.1,68844437.76,57071223.61,7750637144.09,68837048.59,57071223.61,,,,718732.45,111229.54,111229.54,0.009028530560551376,115.61258636904246,108.44974088105798,4.0
2024,PA,44943282229.05,8442962,Governo do Estado do Pará,322996311.53,169274848.25,44658993520.48,322603615.56,169260023.75,44223009250.31,318351486.92,168451829.68,18303833.31,18303833.31,18303833.31,17234165.86,17233937.86,17076559.49,0.007186753959888242,38.256279197987624,38.20976756261606,12.0
2024,AP,9736292895.71,774268,Governo do Estado do Amapá,91979562.51,85238436.0,9299452041.83,87833871.95,81690707.56,9137293189.49,61336821.95,55193657.56,300000.0,,,,,,0.009447082528764927,118.79551074046714,113.44117534238791,3.0
2024,TO,16285356130.72,1584306,Governo do Estado do Tocantins,49005879.49,48990045.79,15609747328.55,48511494.07,48495660.37,15340068793.46,46247901.07,46232067.37,15833.7,15833.7,15833.7,,,,0.003009199129367359,30.932079718185754,30.620027993329572,16.0
2024,MA,28216422580.9,6800605,Governo do Estado do Maranhão,384557300.89,334700370.89,27623349409.13,363424108.48,321126947.37,27467068749.86,362351451.93,320528987.37,11175967.08,5097551.69,5022208.45,397038.4,397038.4,366661.41,0.013628846810307942,56.547513183018275,53.43996724997262,7.0
2024,PI,20903831504.23,3270174,Governo do Estado do Piauí,112902069.97,89480613.28,20209833380.24,112261410.91,88952784.29,19802590806.31,110697347.47,88236123.4,940500.0,940500.0,920700.0,,,,0.0054010227716939675,34.52478980323371,34.328880025955804,13.0
2024,CE,40222529935.91,8936431,Governo do Estado do Ceará,369571973.22,309338928.72,38688913486.61,359785557.23,300408654.71,38531413892.15,359437984.32,300230082.3,39180598.31,38929821.17,38821033.42,,,,0.009188183185117164,41.3556567739403,40.26054218177257,11.0
2024,RN,19141439984.09,3303953,Governo do Estado do Rio Grande do Norte,68702698.02,36402481.98,18735308695.78,46030494.89,14692578.85,17533446570.02,40698841.57,11664047.37,1156249.96,1156249.96,555671.4,3000.0,3000.0,3000.0,0.0035892126233504048,20.79409059995708,13.931946032525282,20.0
2024,PB,19223056026.57,4030961,Governo do Estado da Paraíba,62815224.6,40298395.26,18880469163.8,60261981.17,37949064.82,18779268722.4,59665236.38,37614964.82,,,,332221.25,326371.25,274485.65,0.003267702310869674,15.583188376171341,14.949780255874469,27.0
2024,PE,46173592083.62,9051113,Governo do Estado de Pernambuco,312177980.44,254828116.11,46173592083.62,312177980.44,254828116.11,45259489506.65,299512222.51,245522274.95,8091539.87,8091539.87,7506057.79,,,,0.006760963710049852,34.490562700962855,34.490562700962855,14.0
2024,AL,18968612907.67,3125254,Governo do Estado de Alagoas,62821580.46,52067811.12,17478395563.43,62389016.46,51881811.12,16884874498.82,55813838.35,48236740.23,100000.0,,,,,,0.0033118700226413477,20.101271915818682,19.962862685720903,21.0
2024,SE,14885365581.76,2211868,Governo do Estado de Sergipe,154379347.74,126323335.37,14600699729.56,148952192.88,121015787.59,14401082422.05,146587894.39,119164667.77,40000.0,40000.0,40000.0,,,,0.010371216406614224,69.79591356265384,67.34226132843371,6.0
2024,BA,71413980155.87,14659023,Governo do Estado da Bahia,450890089.72,284011423.28,69740359568.72,432965735.21,273993990.5,69281455736.61,430064747.73,273747057.57,25720458.66,21858548.87,21760015.54,8212080.65,7875415.2,7875234.68,0.006313751015359677,30.758536208040606,29.535783879321286,17.0
2024,MG,106717021386.34,20732660,Governo do Estado de Minas Gerais,342191987.8,293588613.5,102735416952.83,336622555.33,290324596.66,97846969786.95,335984578.02,290124616.4,15928148.54,14215471.1,14215471.1,32675225.76,32082487.57,31644490.52,0.00320653615847454,16.50497272419458,16.236341855314272,25.0
2024,ES,27927029505.67,3975100,Governo do Estado do Espírito Santo,119540758.61,85189203.4,26065945261.82,107120372.14,75853036.21,25745131994.29,106820192.1,75717051.4,16617074.54,13820463.47,13768463.47,1000000.0,1000000.0,1000000.0,0.004280468088656896,30.072390282005482,26.947843359915474,18.0
2024,RJ,100508250796.52,16615526,Governo do Estado do Rio de Janeiro,311504527.41,190517364.02,99267937429.71,304165920.74,183178757.35,97200472688.2,234087218.59,114256221.65,483749.25,483749.25,465769.45,,,,0.003099293092272038,18.747798138319546,18.30612649518288,24.0
2024,SP,345724835564.36,46024937,Governo do Estado de São Paulo,1538006495.03,1512395795.54,335692614882.49,1518968594.25,1494062910.44,312038354316.81,1156591151.08,1133477478.39,5428989.46,4773154.35,4583839.72,,,,0.004448643362630757,33.41680826265987,33.003165093957655,15.0
2024,PR,69829373516.77,11835379,Governo do Estado do Paraná,236350613.01,156711421.83,63812465125.82,211589321.78,135625178.91,63588128337.29,211065376.27,135605118.0,,,,,,,0.003384687576399905,19.969838989524543,17.877697180631056,22.0
2024,SC,47523185461.69,7762154,Governo do Estado de Santa Catarina,122010044.57,85659691.08,45739708452.68,59916762.15,25640823.54,45595698609.73,59806191.02,25626703.54,649999.52,521302.32,521302.32,881088.78,695124.03,695124.03,0.0025673793409399354,15.718580766369746,7.719089591626242,26.0
2024,RS,64739368814.79,11088065,Governo do Estado do Rio Grande do Sul,238575414.29,135024882.09,59448877020.62,188607976.05,118290281.81,58441885080.46,177306592.41,110878605.93,46978595.14,17996161.63,16375701.22,5084812.68,1095265.61,529827.63,0.0036851674438243267,21.516415559432595,17.00999913420421,19.0
2024,MS,22929791107.97,2833742,Governo do Estado do Mato Grosso do Sul,135673769.96,125434363.61,22388732403.22,134496216.63,124256810.28,21815749339.79,133660750.72,123718895.43,2722836.7,2722836.7,2702683.88,,,,0.005916921323929643,47.87795429506286,47.46240717397702,9.0
2024,MT,36264462941.99,3784239,Governo do Estado do Mato Grosso,211425064.81,148127202.14,33176046140.88,195400451.02,144590086.61,32645697107.82,194590398.03,143962086.61,4864223.19,3146292.59,3146292.59,2284706.63,1264086.69,1264086.69,0.005830089505205234,55.86990272284599,51.63533566986652,8.0
2024,GO,42009294789.86,6950976,Governo do Estado de Goiás,133597010.25,84159990.28,40503693849.1,130943109.2,84103851.28,40430197525.44,117756491.86,70994895.88,16478955.68,15219655.31,15197944.11,,,,0.0031801774087920893,19.219892321596276,18.838089672586985,23.0
2024,DF,37165148341.7,2923369,Governo do Distrito Federal,458770967.44,373341346.77,35303270142.74,344070816.9,264362028.97,33564821699.51,310861284.0,238401431.75,3000.0,3000.0,3000.0,8834341.41,4942111.78,2665774.39,0.01234411775306303,156.93228170648317,117.69667698467076,1.0
2025,RO,16597641818.14,1616379,Governo do Estado de Rondônia,69069426.33,64234975.12,14759760481.63,64688113.19,60239829.27,14648193405.93,64106231.85,59669772.7,,,,,,,0.0041613999799966885,42.730959960504315,40.020387044127645,11.0
2025,AC,12582548150.86,829780,Governo do Estado do Acre,63631574.21,61449582.91,12095627923.79,62529085.9,60761773.61,11906466524.2,61615218.91,60228656.62,100000.0,100000.0,100000.0,80000.0,80000.0,80000.0,0.0050571294023342055,76.68487335197281,75.35622201065343,8.0
2025,AM,35515146125.4,3952262,Governo do Estado do Amazonas,659660446.37,516793905.98,34908824546.52,656701588.19,514240342.2,34573539246.9,649745300.23,507466165.35,35093.44,35093.44,35093.44,1791658.27,1791658.27,1791658.27,0.018574059755823977,166.9070639471776,166.1584146471059,2.0
2025,RR,8777398960.61,634805,Governo do Estado de Roraima,115098679.41,99616068.22,8387511865.39,106302761.85,91056302.38,8305858782.95,104079836.24,89331856.75,,,,539664.27,539664.27,519774.27,0.013113073693758704,181.31344178133443,167.45734808326966,1.0
2025,PA,48889815187.6,8442962,Governo do Estado do Pará,359479844.09,191381723.04,48726774346.87,358026577.8,191316164.96,48101228085.69,354404339.91,188965570.89,19033041.55,19033041.55,18251966.72,19581118.29,19569369.29,19206497.08,0.007352857496200464,42.577456121441735,42.40532858018312,12.0
2025,AP,11245306213.0,774268,Governo do Estado do Amapá,96153113.98,83022156.09,10630591948.68,82374675.4,70939915.41,10099001896.87,64170413.83,54477127.49,3184326.85,2430688.12,1797464.15,,,,0.008550510956192848,124.18582968687845,106.39039118238131,4.0
2025,TO,17341884251.55,1584306,Governo do Estado do Tocantins,22020006.36,11528789.47,16550943898.76,19876358.51,11212496.92,16294884638.82,19835755.75,11212496.92,2014281.27,598875.98,598875.98,54786.84,34833.77,34833.77,0.0012697585822043459,13.89883416461214,12.545782512974137,26.0
2025,MA,34281188784.45,6800605,Governo do Estado do Maranhão,536817276.82,488296470.81,33007920572.48,527068215.54,480550168.41,32837149876.36,516829643.94,470531912.91,4093027.5,3091254.45,3091254.45,409726.34,409726.34,379368.12,0.015659237495973335,78.9366941353012,77.50313619744126,7.0
2025,PI,28466282911.07,3270174,Governo do Estado do Piauí,105543590.59,80653351.82,27795682348.07,104903418.02,80121867.62,27376393500.04,100339979.43,76269064.58,983400.0,983400.0,983400.0,,,,0.003707670260979388,32.274610032982956,32.078849021489376,16.0
2025,CE,47515932417.14,8936431,Governo do Estado do Ceará,357675929.55,288845668.07,45657720589.22,338931528.92,271195567.88,45395251126.06,331596663.39,263974396.44,45861283.02,45443618.35,45405712.52,,,,0.007527494702408044,40.02447168785839,37.926945211125116,13.0
2025,RN,21209089460.89,3303953,Governo do Estado do Rio Grande do Norte,70160088.22,28968592.06,20696574215.2,52262528.74,20938688.16,19376746071.81,44973486.04,17757409.68,10770079.03,2279615.49,1617374.92,,,,0.003308019816191386,21.23519560356942,15.818181656942457,22.0
2025,PB,23101195583.33,4030961,Governo do Estado da Paraíba,109324652.47,77287139.69,22564333416.47,105660426.66,74351173.64,22467961951.7,104925903.27,73752363.4,,,,319433.48,304559.52,304559.52,0.00473242400271653,27.121237955415594,26.21221754812314,19.0
2025,PE,52495420632.58,9051113,Governo do Estado de Pernambuco,310456934.25,241919547.01,52495420632.58,310456934.25,241919547.01,51373795835.46,306914903.58,239133522.06,19131177.1,19131177.1,18906618.54,,,,0.005913981267488358,34.300415236225646,34.300415236225646,14.0
2025,AL,22141474745.94,3125254,Governo do Estado de Alagoas,76542422.32,63980128.67,19107334864.17,71754630.14,59697131.29,18657821985.18,56000452.54,44430307.67,193900.0,171200.0,171200.0,,,,0.0034569703779119454,24.49158446641457,22.959615487253195,20.0
2025,SE,17677625591.56,2211868,Governo do Estado de Sergipe,203942673.67,168509318.15,17255879333.07,192861840.89,158684875.57,17031698083.42,191447577.38,158224718.8,824434.47,600749.21,269811.15,,,,0.011536768476834937,92.20381761931543,87.1941005928021,5.0
2025,BA,77602108074.11,14659023,Governo do Estado da Bahia,455565122.45,272544028.98,75791294832.79,441866166.15,267469967.02,75165915361.06,438626813.96,266837927.96,25702168.26,21520550.06,20965622.26,11241635.73,10720146.28,10705006.83,0.005870525089536683,31.077454646875168,30.142947872446886,17.0
2025,MG,117541012321.92,20732660,Governo do Estado de Minas Gerais,373146562.25,251686223.59,113093249667.93,367875731.05,250250129.74,107098007344.66,364912066.02,249262362.03,2367381.94,1656779.24,1557488.46,32495253.2,32197558.34,31791486.46,0.003174607355158984,17.99800711775527,17.743778707122,24.0
2025,ES,30647039487.63,3975100,Governo do Estado do Espírito Santo,181916534.67,150208402.54,28869520320.34,157328746.64,126585594.07,28431596510.8,156957478.65,126370366.21,14266080.72,13625505.51,13625505.51,,,,0.005935859962702974,45.76401465875072,39.57856321601972,10.0
2025,RJ,107415838534.82,16615526,Governo do Estado do Rio de Janeiro,457437165.3,311322516.84,105892236725.44,439067346.88,292952698.42,104155211663.4,414668921.46,269641607.79,149792.16,149792.16,149792.16,,,,0.004258563462703099,27.530706238249696,26.42512472250352,18.0
2025,SP,371170443635.1,46024937,Governo do Estado de São Paulo,1512720445.24,1481897663.2,355439276197.86,1490681560.65,1463851942.02,335617652049.38,1192296382.76,1167283340.82,9989825.38,6568988.68,5915793.72,,,,0.004075541226895655,32.867409362016076,32.3885627621826,15.0
2025,PR,76172834537.17,11835379,Governo do Estado do Paraná,215279129.65,122543491.26,72506278394.55,202107154.04,117248240.55,72110231458.96,201479253.55,117158240.55,,,,,,,0.0028261929723115455,18.18945803509968,17.07652573187559,23.0
2025,SC,54030090199.86,7762154,Governo do Estado de Santa Catarina,69844589.39,27750619.29,52039082767.27,55180568.78,17370843.91,51883359109.78,54840200.86,17304433.91,842645.67,796238.26,796238.26,788054.52,699194.66,699194.66,0.0012926979972019551,8.998093749492732,7.108924762379103,27.0
2025,RS,69642519301.52,11088065,Governo do Estado do Rio Grande do Sul,267369111.86,124585768.86,64584536446.98,205481287.25,109979048.26,63400702977.79,192793641.81,102104638.2,77174390.61,34351211.09,30991113.89,5637770.19,1336431.43,363966.3,0.0038391648455796813,24.11323453280622,18.531753488999207,21.0
2025,MS,24519869603.1,2833742,Governo do Estado do Mato Grosso do Sul,146269971.01,128811900.5,23758057458.81,140732584.96,123277264.45,23569646435.92,139186107.46,121733809.12,1326786.62,1326786.62,1326786.62,465775.0,465775.0,465775.0,0.005965364962279708,51.61725062126333,49.66316092290689,9.0
2025,MT,39404676616.35,3784239,Governo do Estado do Mato Grosso,301299158.01,224912981.4,36244986890.11,283153345.32,218816190.34,35445853418.2,280216687.99,218816190.34,8293570.28,6959294.83,4479294.83,1372731.76,488508.59,488508.59,0.007646279169944598,79.61948439567374,74.82438221264566,6.0
2025,GO,52990524310.67,6950976,Governo do Estado de Goiás,107251378.52,53121532.48,50643287624.28,100207616.3,52991002.48,50360938042.61,94372420.01,47557242.14,17148558.45,11573749.41,11555822.3,,,,0.0020239727746646247,15.429686208095093,14.4163375474178,25.0
2025,DF,40435010686.89,2923369,Governo do Distrito Federal,456335034.19,359658568.24,38739291802.65,388852025.49,295138619.66,36678301413.3,362477138.32,275037407.17,213988.68,213708.68,100000.0,9576918.06,7903040.2,7563920.79,0.011285641488353922,156.0990193814055,133.01503350757295,3.0
